ID,URL,Date,Valid Phish
7281982,https://service.post-ch-ekp-web-ui-8f661ee7.haardhoutdiscount.nl/VzR4Z..., on Sep 3rd 2021 2:56 PM,Unknown
7281981,https://maklononline.nutrifood.co.id/mode/sockett/WeTransfer2020/index..., on Sep 3rd 2021 2:56 PM,VALID PHISH
7281864,https://post-ch-de.online-safe-deal.icu/order/CH370338354/..., on Sep 3rd 2021 11:35 AM,VALID PHISH
7281863,https://583315.selcdn.ru/fitch/fghvtft.html, on Sep 3rd 2021 11:35 AM,VALID PHISH
7281862,https://authority.builders/blog/wp-admin/user/poiuy/upgrade/..., on Sep 3rd 2021 11:35 AM,VALID PHISH
7281740,https://windowspgradeforall.weebly.com/, on Sep 3rd 2021 7:57 AM,Unknown
7281738,https://chemwood.com.pk/sch/, on Sep 3rd 2021 7:57 AM,Unknown
7281712,http://admin-h0stp0int-ch-459866d4.molasparaportoes.pt/SnNteHpQSjM4NnF..., on Sep 3rd 2021 7:14 AM,Unknown
7281688,http://admin-h0stp0int-ch-d962124a.molasparaportoes.pt/bE1ZN2w4VzVkU3p..., on Sep 3rd 2021 6:05 AM,Unknown
7281687,http://ch.portoeseautomatismos.pt/ch, on Sep 3rd 2021 6:04 AM,Unknown
7281685,https://www.ameli.fr/paris/assure/mentions-legales-cgu..., on Sep 3rd 2021 6:03 AM,Unknown
7281684,http://alexcomas.com/_/, on Sep 3rd 2021 6:03 AM,Unknown
7281676,https://my-packages.mars-cdn.com/-/Billing/dhl/DH2tAyUe9AsUx7b438/..., on Sep 3rd 2021 5:32 AM,VALID PHISH
7281675,https://my-packages.mars-cdn.com/-/Billing/dhl/..., on Sep 3rd 2021 5:32 AM,VALID PHISH
7281674,https://alexcomas.com/_/portal/Seleccione_medio_de_pago.php..., on Sep 3rd 2021 5:32 AM,Unknown
7281673,http://admin-h0stp0int-ch-9728905c.molasparaportoes.pt/Z0pPUjI3Tzd3bnh..., on Sep 3rd 2021 5:32 AM,Unknown
7281306,https://anytkavasilevagenesh.com/mccd/index.php..., on Sep 2nd 2021 7:38 PM,VALID PHISH
7281229,https://seetheworldtravels.com.au/ba/english/#..., on Sep 2nd 2021 5:44 PM,VALID PHISH
7281077,https://nitrousnation.com/-/c.php, on Sep 2nd 2021 3:04 PM,Unknown
7281076,https://digital7.vn/-/, on Sep 2nd 2021 3:04 PM,Unknown
7282677,https://562925.selcdn.ru/apc-fil/mgen.html, on Sep 4th 2021 9:46 AM,VALID PHISH
7282672,https://cw41887.tmweb.ru/main/1/, on Sep 4th 2021 8:54 AM,VALID PHISH
7282671,https://swiss-postch.elpg9309.odns.fr/, on Sep 4th 2021 8:54 AM,Unknown
7282647,http://admin-h0stp0int-ch-4789fe51.caixademusica.pt/NUFLc2hicW9kU010U1..., on Sep 4th 2021 7:47 AM,Unknown
7282629,http://admin-h0stp0int-ch-e6aa11b5.caixademusica.pt/Nlk3T0NEYUlwL052dF..., on Sep 4th 2021 6:45 AM,Unknown
7282628,http://ch.liberpater.pt/ch/, on Sep 4th 2021 6:45 AM,Unknown
7282620,https://cddls.weebly.com/, on Sep 4th 2021 5:24 AM,Unknown
7282239,http://www.fasyrerfile.com/, on Sep 3rd 2021 6:37 PM,Unknown
7282238,https://menudujouraulendemain.ch/, on Sep 3rd 2021 6:37 PM,Unknown
7282237,https://www.vn.ukrstat.gov.ua/images/stories/redirection/index.php..., on Sep 3rd 2021 6:37 PM,Unknown
7282083,http://swisspost-ch.budgetwinterband.nl/zugestellt/..., on Sep 3rd 2021 4:18 PM,Unknown
7282082,https://schweiz.homegate-ch.3001120345.3ty-ne.site/252891/..., on Sep 3rd 2021 4:18 PM,Unknown
7282081,https://schweiz.homegate-ch.3001120345.3ty-ne.site/..., on Sep 3rd 2021 4:18 PM,Unknown
7282080,https://swiss-post-tracking.parcels-service.com/03092021CH/..., on Sep 3rd 2021 4:18 PM,Unknown
7282079,https://www.fasyrerfile.com/, on Sep 3rd 2021 4:18 PM,Unknown
7282024,https://schweizpos.com/trackinginfo/, on Sep 3rd 2021 3:42 PM,Unknown
7282023,https://shamaghee.com/index2.php, on Sep 3rd 2021 3:42 PM,Unknown
7281985,https://unnusverkkazhal.fi/kunde.php, on Sep 3rd 2021 2:56 PM,Unknown
7281984,http://134ec2cb.haardhoutdiscount.nl/fr/, on Sep 3rd 2021 2:56 PM,VALID PHISH
7281983,http://56228070.haardhoutkadobon.com/419075154/..., on Sep 3rd 2021 2:56 PM,Unknown
7281075,https://post-ch.cc-pays.site/safedeal/43289781..., on Sep 2nd 2021 3:03 PM,Unknown
7280866,https://one-digitalserviceviseca.xyz/digitalone/192.168.0.1/index.php?..., on Sep 2nd 2021 1:19 PM,Unknown
7280864,https://kingdommindedchurch.org/r, on Sep 2nd 2021 1:18 PM,Unknown
7280792,http://hakelamakele.duckdns.org/, on Sep 2nd 2021 12:10 PM,Unknown
7280786,https://wdfyxklmba.web.app/#dXNlckBkb21haW4uY24..., on Sep 2nd 2021 12:03 PM,Unknown
7280691,https://postfiinanca.000webhostapp.com/login/, on Sep 2nd 2021 8:32 AM,VALID PHISH
7280666,http://my-cy0n-ch-a5a07ed3.b-berry.pt/cy/, on Sep 2nd 2021 7:34 AM,Unknown
7280665,http://my-cy0n-ch-e119f285.ruralgourmet.net/cy/..., on Sep 2nd 2021 7:33 AM,Unknown
7280649,https://mypaaket-listmailnow.com/inbox/account/ifram/index.php..., on Sep 2nd 2021 7:14 AM,Unknown
7280648,https://expresspack-suisse.com/?id=Sendungsnummer/00340434168946400626..., on Sep 2nd 2021 7:14 AM,Unknown
7280646,https://bisonbladesharpening.com/wp-content/themes/twentyfifteen/css/c..., on Sep 2nd 2021 7:11 AM,Unknown
7280644,https://beewildhoney.pk/parcel/clients/L7FEWV.php?verification#_..., on Sep 2nd 2021 6:58 AM,Unknown
7280204,https://555030.selcdn.ru/046-0w0-jun-sharepoint/index13.html?email=use..., on Sep 1st 2021 8:04 PM,VALID PHISH
7280203,https://oauthbuk6054.s3.ams03.cloud-object-storage.appdomain.cloud/non..., on Sep 1st 2021 8:04 PM,Unknown
7280202,https://alwatnia.com.sa/site/fonts/zacks/, on Sep 1st 2021 8:04 PM,VALID PHISH
7279881,https://carpevitae.org/modules/ps_checkout/views/json/i18n/-/swissra/S..., on Sep 1st 2021 2:52 PM,VALID PHISH
7279871,https://www.reversm.com/saha/dhlexpil/dhl/info.php..., on Sep 1st 2021 2:37 PM,Unknown
7279870,http://my-cy0n-ch-a5a07ed3.b-berry.pt/Nlk3T0NEYUlwL052dFJyQ0xGTGlNQT09..., on Sep 1st 2021 2:36 PM,Unknown
7279868,http://accordimmobilier.fr/.ch, on Sep 1st 2021 2:36 PM,Unknown
7279865,http://my-cy0n-ch-5977037d.b-berry.pt/Z0pPUjI3Tzd3bnhYOUlpMDMwQUlvdz09..., on Sep 1st 2021 2:30 PM,Unknown
7279864,https://123micros.wixsite.com/outlook, on Sep 1st 2021 2:30 PM,Unknown
7279735,https://spayurveda.de/wp-sui/SWISSAPOSTA/POSTSWISRA/PostCanada/MyOrder..., on Sep 1st 2021 1:39 PM,VALID PHISH
7279734,https://spayurveda.de/wp-sui/SWISSAPOSTA/POSTSWISRA/PostCanada/MyOrder..., on Sep 1st 2021 1:39 PM,Unknown
7279733,http://anjuliveda.de/Seiten/wp, on Sep 1st 2021 1:39 PM,Unknown
7279729,https://amdigital.ch/wp-content/nic/hostpointed/#[email protected], on Sep 1st 2021 1:34 PM,Unknown
7279667,https://outlesscool3.cabanova.com/, on Sep 1st 2021 12:26 PM,VALID PHISH
7279464,https://folcar.com.pl/wp-content/dhl/dhl/r7co3moipa8r952zmfc2q60szt.ph..., on Sep 1st 2021 8:06 AM,Unknown
7279462,https://folcar.com.pl/wp-content/dhl/dhl/?i=i&[email protected], on Sep 1st 2021 8:06 AM,Unknown
7279461,https://schweizeridpack.com/, on Sep 1st 2021 8:06 AM,Unknown
7279460,https://videoinfolive.com/chi, on Sep 1st 2021 8:06 AM,Unknown
7279418,https://post-ch.servehttp.com/Checkout/portal/parcel-General-delivery_..., on Sep 1st 2021 6:54 AM,VALID PHISH
7279396,https://directlighting.es/wp-includes/certificates/main/..., on Sep 1st 2021 6:03 AM,VALID PHISH
7279391,https://brinkheatherdawn.cabanova.com/index.html..., on Sep 1st 2021 5:34 AM,VALID PHISH
7279101,http://webscr-ltd.paypalogin.securemeasures-ref39414.rawd8712.odns.fr/..., on Aug 31st 2021 9:01 PM,Unknown
7279100,http://espclientsolutions.com/redir.php, on Aug 31st 2021 9:01 PM,VALID PHISH
7278995,http://christmaslightsohio.com/wp-content/plugins//masterx/americanexp..., on Aug 31st 2021 6:31 PM,Unknown
7278994,http://carmeltn.org/wp-content/plugins//masterx/front.htm..., on Aug 31st 2021 6:30 PM,VALID PHISH
7278982,https://paypal-caseid92.com/, on Aug 31st 2021 5:58 PM,VALID PHISH
7278924,http://proteininkiev.com/modules/statssales/translations/admin/-/swiss..., on Aug 31st 2021 4:40 PM,VALID PHISH
7278923,https://dreamlearn.ind.in/spin/mail/src/login.html..., on Aug 31st 2021 4:40 PM,VALID PHISH
7276844,http://ec2-18-170-86-183.eu-west-2.compute.amazonaws.com/delivery-addr..., on Aug 29th 2021 4:47 PM,Unknown
7276584,https://micropigmentacioncapilarsanz.es/Plugins/Seleccione_medio_de_pa..., on Aug 29th 2021 10:26 AM,VALID PHISH
7276583,https://micropigmentacioncapilarsanz.es/Plugins/..., on Aug 29th 2021 10:26 AM,VALID PHISH
7276582,https://shop.mira-and-me.de/modules/mod_menu/tmpl/.../clients/Cdb6i5.p..., on Aug 29th 2021 10:25 AM,Unknown
7276221,http://ec2-18-170-86-183.eu-west-2.compute.amazonaws.com/..., on Aug 28th 2021 3:18 PM,Unknown
7276220,https://diba.one/panel/assets/sass/helpers/vis/..., on Aug 28th 2021 3:18 PM,VALID PHISH
7276219,https://diba.one/panel/assets/sass/helpers/vis..., on Aug 28th 2021 3:18 PM,VALID PHISH
7275659,https://refund-98.com/, on Aug 27th 2021 7:50 PM,VALID PHISH
7275658,http://ec2-52-56-55-82.eu-west-2.compute.amazonaws.com/..., on Aug 27th 2021 7:50 PM,Unknown
7275483,https://www.my-phone-zone.com/modules/blockadvertising/translations/-/..., on Aug 27th 2021 4:21 PM,Unknown
7275482,https://dhl-tracking-id.com.u1459991.cp.regruhosting.ru/Billing/dhl/..., on Aug 27th 2021 4:20 PM,VALID PHISH
7275481,https://secure273.inmotionhosting.com/~shopco9/--/rozalia/Swisscom/..., on Aug 27th 2021 4:20 PM,Unknown
7275480,https://post-ch.pay-3dse.site/1710791448, on Aug 27th 2021 4:20 PM,Unknown
7275479,https://postfincees.000webhostapp.com/login/, on Aug 27th 2021 4:20 PM,VALID PHISH
7275176,https://19ixix1.weebly.com/, on Aug 27th 2021 1:12 PM,Unknown
7275175,https://posttfinccasse.000webhostapp.com/login/..., on Aug 27th 2021 1:12 PM,Unknown
7275124,https://www.juniorun.com/events/pdf/ioe/Redsys.html..., on Aug 27th 2021 11:50 AM,VALID PHISH
7275123,https://postfincse.000webhostapp.com/login/, on Aug 27th 2021 11:50 AM,VALID PHISH
7275122,http://paketschweizlieferungzhe.com/, on Aug 27th 2021 11:50 AM,Unknown
7275072,https://postfincasase.000webhostapp.com/login/..., on Aug 27th 2021 9:40 AM,VALID PHISH
7277822,http://dpm.usbypkp.ac.id/attachments/strs/, on Aug 30th 2021 4:27 PM,Unknown
7277821,http://credit-agricole-secteurrecuripass.co14252.tmweb.ru/compte/7e170..., on Aug 30th 2021 4:27 PM,VALID PHISH
7277820,http://credit-agricole-secteurrecuripass.co14252.tmweb.ru/compte/..., on Aug 30th 2021 4:27 PM,Unknown
7277818,http://besttest.synergize.co/, on Aug 30th 2021 4:26 PM,VALID PHISH
7277817,https://activations-securipass.123miweb.es/, on Aug 30th 2021 4:26 PM,Unknown
7277810,https://xcio-00000auth.web.app/cax0-000000-xco.htm..., on Aug 30th 2021 4:18 PM,VALID PHISH
7277769,https://www.crossfitlia.com.br/wp-content/upgrade/index.php..., on Aug 30th 2021 3:18 PM,VALID PHISH
7277768,https://oluxo48475.firebaseapp.com/01oluxo48475.html..., on Aug 30th 2021 3:17 PM,Unknown
7277615,https://postfincesmase.000webhostapp.com/login/..., on Aug 30th 2021 1:34 PM,Unknown
7277452,https://posttfubcese.000webhostapp.com/login/, on Aug 30th 2021 9:12 AM,Unknown
7277443,https://paybill-3d.site/post/ch/info/, on Aug 30th 2021 8:58 AM,Unknown
7277442,https://directcredit-suisse-dn.com/ekp-web/*/idp/portal/..., on Aug 30th 2021 8:58 AM,Unknown
7277292,https://www.handicappedproduct.com/controller/extension/analytics/-/vi..., on Aug 30th 2021 6:26 AM,Unknown
7277263,http://pay-hostpoint-ch-eb2cbdfd.karpet2r.pt/Nlk3T0NEYUlwL052dFJyQ0xGT..., on Aug 30th 2021 6:04 AM,Unknown
7277262,http://judoclubmoulinois.fr/example.com, on Aug 30th 2021 6:03 AM,Unknown
7277225,https://homegate-anmelden-de.com/, on Aug 30th 2021 4:42 AM,Unknown
7277224,https://www.romngao.com/mcards/index.php, on Aug 30th 2021 4:42 AM,Unknown
7276924,http://judoclubmoulinois.fr/domain.ch, on Aug 29th 2021 7:33 PM,Unknown
7276923,http://pay-hostpoint-ch-76024119.ricardopiresfotografia.com/TVdBZkhDTk..., on Aug 29th 2021 7:31 PM,Unknown
7276846,https://584708.selcdn.ru/update/oseupdate/Logins1.html#[email protected], on Aug 29th 2021 4:49 PM,VALID PHISH
7278907,http://robotverifviseca.xyz/red/, on Aug 31st 2021 4:19 PM,Unknown
7278905,https://package-colis.com/tracking/Ch/, on Aug 31st 2021 4:19 PM,Unknown
7278904,http://www.dexdeegolfresort.com/index5.php, on Aug 31st 2021 4:19 PM,Unknown
7278902,http://alignedhealingcenter.com/wp-admin/wew/, on Aug 31st 2021 4:12 PM,VALID PHISH
7278901,https://paypal-caseid19.com/, on Aug 31st 2021 4:12 PM,Unknown
7278727,https://cx69329.tmweb.ru/, on Aug 31st 2021 2:12 PM,VALID PHISH
7278726,https://postfiincese.xyz/login/error.html, on Aug 31st 2021 2:12 PM,VALID PHISH
7278725,https://schweizerid.com/, on Aug 31st 2021 2:12 PM,VALID PHISH
7278724,https://dexdeegolfresort.com/index5.php, on Aug 31st 2021 2:12 PM,VALID PHISH
7278674,https://panafricanwritersassociation.com/Magenta/index.php..., on Aug 31st 2021 1:46 PM,Unknown
7278673,http://pay-hostpoint-ch-402a704a.liscatur.pt/TkUxUFFMVXg4RTZuZmovcnNWS..., on Aug 31st 2021 1:44 PM,Unknown
7278672,https://secure290.inmotionhosting.com/~brinke8/wp-includes/IXR/nx/..., on Aug 31st 2021 1:44 PM,Unknown
7278671,https://lucie-inter.myshopwired.com/, on Aug 31st 2021 1:44 PM,VALID PHISH
7278623,http://ec2-18-130-241-148.eu-west-2.compute.amazonaws.com/tracking.php..., on Aug 31st 2021 12:24 PM,Unknown
7278608,https://ellatinodigital.com/wp-content/zgi/, on Aug 31st 2021 12:09 PM,Unknown
7278607,https://orderyoghurtonline.com/tsst/viseca/clients/dsQ73U.php?verifica..., on Aug 31st 2021 12:04 PM,Unknown
7278606,http://00hw1.mjt.lu/lnk/AWIAAAqZo_AAAAAAAAAAAA-ZxFkAAAAA0pAAAAAAABnN4A..., on Aug 31st 2021 12:04 PM,Unknown
7278605,https://eylpjhbrigzkp3pum55azw-on.drv.tw/ljghfxhjuy76rtetyuyrt/uyhfdgf..., on Aug 31st 2021 12:03 PM,VALID PHISH
7278596,https://posttfinceese.000webhostapp.com/login/..., on Aug 31st 2021 11:50 AM,VALID PHISH
7278595,https://postfincec.xyz/login/, on Aug 31st 2021 11:50 AM,Unknown
7278594,https://acecollege.edu.pk/31/, on Aug 31st 2021 11:50 AM,Unknown
7278539,https://multuservicefree.shop/all/migalo, on Aug 31st 2021 10:54 AM,Unknown
7278532,https://esportfinal.info/ShareOnline/#[email protected], on Aug 31st 2021 10:53 AM,Unknown
7278432,https://postfiincesse.xyz/login/, on Aug 31st 2021 8:57 AM,VALID PHISH
7278420,https://one-digitalservice.ac/ejRtM2g0bjQ4NGY0ajRwNTQ0ejVsNGs0cjVpNGs1..., on Aug 31st 2021 8:20 AM,Unknown
7278399,https://mysourceclicks.com/8a8e8d0b-2749-4a43-a338-fe3d52aa7de3..., on Aug 31st 2021 7:41 AM,Unknown
7278398,https://yourwalletupdate.page.link/MWRs, on Aug 31st 2021 7:41 AM,Unknown
7278396,https://mysourceclicks.com/23cf3294-3777-412c-8ec1-54ad005ff0b5..., on Aug 31st 2021 7:39 AM,Unknown
7278395,https://yourwithdrawalupdate.page.link/LbNr, on Aug 31st 2021 7:39 AM,Unknown
7278334,http://mondesdedomination.com/modules/gamification/data/wp/parcels/swi..., on Aug 31st 2021 6:39 AM,VALID PHISH
7278286,https://webmailaccountupdatepremium.bitrix24.site/..., on Aug 31st 2021 5:37 AM,Unknown
7278285,http://webmailaccountupdatepremium.bitrix24.site..., on Aug 31st 2021 5:37 AM,Unknown
7278280,http://www.proteininkiev.com/modules/blockbanner/views/templates/admin..., on Aug 31st 2021 5:31 AM,VALID PHISH
7278279,https://dredls.weebly.com/, on Aug 31st 2021 5:31 AM,Unknown
7278277,https://mmaseguros.com/1xbet10xFKieen/, on Aug 31st 2021 5:31 AM,Unknown
7278276,https://pcsnissin.com/plug/us/, on Aug 31st 2021 5:30 AM,VALID PHISH
7278275,https://pcsnissin.com/plug/index.php, on Aug 31st 2021 5:30 AM,VALID PHISH
7277931,https://die-post.viewdns.net/Checkout/, on Aug 30th 2021 6:40 PM,VALID PHISH
7277930,https://diepost-tracking.ddns.net, on Aug 30th 2021 6:39 PM,VALID PHISH
7277889,https://mzwy2.csb.app/, on Aug 30th 2021 5:46 PM,Unknown
7284201,https://martinharry.com/Die-post, on Sep 6th 2021 3:49 PM,VALID PHISH
7284200,https://r1roofingservices.com.au/acces/aghoutiing/locaking/ako/loca/ch..., on Sep 6th 2021 3:48 PM,VALID PHISH
7284199,https://paketinformationen.com/log/, on Sep 6th 2021 3:48 PM,Unknown
7284198,https://zealous-hertz.62-4-16-79.plesk.page/k/..., on Sep 6th 2021 3:48 PM,Unknown
7284000,http://oak-innovation.com.ens.pt/oak-innovation.com..., on Sep 6th 2021 12:51 PM,VALID PHISH
7283999,http://huesser.me.ens.pt/huesser.me, on Sep 6th 2021 12:51 PM,VALID PHISH
7283998,http://gyger-ag.ch.ens.pt/gyger-ag.ch, on Sep 6th 2021 12:51 PM,VALID PHISH
7283996,http://melanieoberholzer.ch.ens.pt/melanieoberholzer.ch..., on Sep 6th 2021 12:50 PM,VALID PHISH
7283995,https://www.musclespro.com/us/, on Sep 6th 2021 12:50 PM,VALID PHISH
7283959,http://www.package-colis.com/tracking/Ch/, on Sep 6th 2021 11:23 AM,Unknown
7283958,http://admin-h0stp0int-ch-8dc77aed.lavourasaudade.pt/UUNwVjhCd1VsUUFXU..., on Sep 6th 2021 11:23 AM,VALID PHISH
7283885,http://grafikwerft.ch.servitire.com/grafikwerft.ch..., on Sep 6th 2021 9:28 AM,VALID PHISH
7283880,https://myprivate-clouddev-punchred.s3.jp-osa.cloud-object-storage.app..., on Sep 6th 2021 9:16 AM,VALID PHISH
7283879,https://servic-upcmail-app.weebly.com/, on Sep 6th 2021 9:15 AM,VALID PHISH
7283878,http://admin-h0stp0int-ch-7b18a4fd.lavourasaudade.pt/bEhPeTF2THIxNmMwb..., on Sep 6th 2021 9:15 AM,VALID PHISH
7283871,http://tracking.privilege1991.com/vendor/vc/[email protected], on Sep 6th 2021 8:42 AM,VALID PHISH
7283870,https://firebasestorage.googleapis.com/v0/b/op22jsjsj.appspot.com/o/en..., on Sep 6th 2021 8:42 AM,VALID PHISH
7283869,https://rovinajayasentosa.com/index2.php, on Sep 6th 2021 8:42 AM,Unknown
7283843,https://guillaumerapin13.sitee.be/, on Sep 6th 2021 7:55 AM,VALID PHISH
7283842,https://maicico.com/ch/postswiss/manage/?view=login&appIdKey=fcd00c065..., on Sep 6th 2021 7:54 AM,VALID PHISH
7283798,https://rustlingen.de/DeutschePost-DHL/1xbet10xFKieen/dhl/..., on Sep 6th 2021 6:37 AM,Unknown
7283762,https://safetechconsultants.co.za/index2.php, on Sep 6th 2021 5:53 AM,Unknown
7283761,https://rgkmoverspackers.com/ch/, on Sep 6th 2021 5:53 AM,Unknown
7283760,https://schweizpacks.com/trakinginfo/, on Sep 6th 2021 5:53 AM,Unknown
7283523,http://admin-h0stp0int-ch-d4a09df3.lavourasaudade.pt/Nlk3T0NEYUlwL052d..., on Sep 5th 2021 8:55 PM,VALID PHISH
7283522,http://ch.pirotecniaduarte.com/ch, on Sep 5th 2021 8:55 PM,VALID PHISH
7283521,https://katrefikirsanat.com/wp-admin/mast/index.php..., on Sep 5th 2021 8:51 PM,VALID PHISH
7283520,https://trestage.com/wp-comments.php, on Sep 5th 2021 8:51 PM,VALID PHISH
7283519,https://lymfit.com/home/assets/favicos/media/favellas/Seleccione_medio..., on Sep 5th 2021 8:51 PM,VALID PHISH
7283518,https://lymfit.com/home/assets/favicos/media/favellas/..., on Sep 5th 2021 8:51 PM,VALID PHISH
7283245,https://renfunds.org/, on Sep 5th 2021 5:42 AM,Unknown
7283244,http://loukkkakak.co/, on Sep 5th 2021 5:42 AM,Unknown
7282925,https://ec2-3-9-172-167.eu-west-2.compute.amazonaws.com/..., on Sep 4th 2021 6:43 PM,Unknown
7282924,http://cisticitextilie.cz/modules/zgi/, on Sep 4th 2021 6:41 PM,Unknown
7282920,http://www.cdecornella.com/cat/js/2/, on Sep 4th 2021 6:35 PM,Unknown
7282919,https://www.onlinesystems.biz/admincp/, on Sep 4th 2021 6:35 PM,VALID PHISH
7282918,http://u124332712i.ha004.t.justns.ru/GovCERTch/c74ce8b8891c7e13382934d..., on Sep 4th 2021 6:35 PM,VALID PHISH
7282917,http://u124332712i.ha004.t.justns.ru/GovCERTch/..., on Sep 4th 2021 6:35 PM,VALID PHISH
7282916,http://www.cdecornella.com/cat/js/1/, on Sep 4th 2021 6:34 PM,VALID PHISH
7282804,http://anjuliveda.de/wp-sui/SWISSAPOSTA/POSTSWISRA/PostCanada/MyOrderP..., on Sep 4th 2021 2:05 PM,VALID PHISH
7289835,http://co89927.tmweb.ru/ypVq18IwQj/9rcinP8oOQ/dhl/info.php..., on Sep 12th 2021 7:04 PM,Unknown
7289834,http://paket.networkcoliquio.com/re.php, on Sep 12th 2021 7:04 PM,Unknown
7289833,https://paypal-caseid458.com/users/userID-79958/season.php?country.x=8..., on Sep 12th 2021 7:04 PM,VALID PHISH
7289832,http://www.hostpoint.ch-buchserdorffest.ch.adnpro.pt/reg/ch/xx/rnv.php..., on Sep 12th 2021 7:04 PM,Unknown
7289831,https://refund-9899.myftp.org/80.219.188.15/index.php?ip=80.219.188.15..., on Sep 12th 2021 7:04 PM,Unknown
7289830,http://bibbystorie.art, on Sep 12th 2021 7:04 PM,Unknown
7289829,https://myswisscom.net/, on Sep 12th 2021 7:04 PM,Unknown
7289828,https://www.rgahyd.com/su/, on Sep 12th 2021 7:03 PM,Unknown
7289827,https://fees.ec-swissposting-payment.blindspotdevelopment.com/idp/inde..., on Sep 12th 2021 7:03 PM,VALID PHISH
7289826,https://webmkonto.weebly.com/, on Sep 12th 2021 7:03 PM,Unknown
7289520,https://paypal-caseid458.com/users/userID-53542/season.php?country.x=d..., on Sep 12th 2021 6:51 AM,VALID PHISH
7289519,http://mennicabydgoska.com/modules/jmsslider/views/img/slides/-/Swissp..., on Sep 12th 2021 6:51 AM,VALID PHISH
7289518,https://mailsunrise.wixsite.com/my-site, on Sep 12th 2021 6:51 AM,Unknown
7289517,https://lhc.nyc3.digitaloceanspaces.com/bud/vmg.html#[email protected], on Sep 12th 2021 6:51 AM,VALID PHISH
7289413,https://post-ch-de.deliveryorder.info/order/pay/CH362459769..., on Sep 11th 2021 7:20 PM,VALID PHISH
7289360,https://theredbox.com.ua/mas/tracking.php?ssl=yes..., on Sep 11th 2021 6:22 PM,VALID PHISH
7289359,https://maowaa.com/some, on Sep 11th 2021 6:22 PM,Unknown
7289358,https://paypal-caseid428.com/, on Sep 11th 2021 6:22 PM,VALID PHISH
7289218,https://www.grupocinco.cl/si/[email protected], on Sep 11th 2021 2:22 PM,VALID PHISH
7289138,http://www.hostpoint.ch-swiss-protection-service.ch.adnpro.pt/reg/ch/i..., on Sep 11th 2021 11:44 AM,Unknown
7289137,https://noraruoti.com.py/js/jamil/postch.php, on Sep 11th 2021 11:43 AM,VALID PHISH
7289116,http://admin-h0stp0int-ch-a6337d0a.electroavelal.pt/Z0pPUjI3Tzd3bnhYOU..., on Sep 11th 2021 9:44 AM,VALID PHISH
7289115,http://www.hostpoint.ch-hbconsult.ch.adnpro.pt/reg/ch/[email protected], on Sep 11th 2021 9:40 AM,VALID PHISH
7289106,http://www.hostpoint.ch-oak-innovation.com.adnpro.pt/reg/ch/[email protected], on Sep 11th 2021 9:09 AM,Unknown
7289105,https://noraruoti.com.py/js/jamil/page.php, on Sep 11th 2021 9:08 AM,Unknown
7289053,http://poejnrr.cloud, on Sep 11th 2021 5:25 AM,Unknown
7289052,https://swiss-refund.serveirc.com/80.219.188.25/index.php?ip=80.219.18..., on Sep 11th 2021 5:25 AM,VALID PHISH
7289051,https://maydongdai.vn/wp-admin/maint/admincp/, on Sep 11th 2021 5:25 AM,VALID PHISH
7288837,https://lesmoustachoux.com:443/chp/post/index/..., on Sep 10th 2021 7:08 PM,Unknown
7288836,https://lesmoustachoux.com/chp/post?clp=327598322..., on Sep 10th 2021 7:08 PM,Unknown
7288738,https://facilitybridge.com/zlot/index.php, on Sep 10th 2021 5:38 PM,Unknown
7288737,https://swiss-postch-parcel.paol4476.odns.fr/#..., on Sep 10th 2021 5:38 PM,Unknown
7288736,https://thefoodlab.co.in/1xbet10xFKieen/dhl/, on Sep 10th 2021 5:38 PM,Unknown
7288635,https://schwezpos.com/ch/, on Sep 10th 2021 3:44 PM,Unknown
7288634,https://579724.selcdn.ru/249a807905cc48b898269b376834/249a807905cc48b8..., on Sep 10th 2021 3:44 PM,VALID PHISH
7288633,https://579724.selcdn.ru/249a807905cc48b898269b376834/249a807905cc48b8..., on Sep 10th 2021 3:44 PM,VALID PHISH
7288632,https://yogareef.com/index2.php, on Sep 10th 2021 3:44 PM,Unknown
7288631,https://mrkeepers.com/TO/[email protected], on Sep 10th 2021 3:44 PM,Unknown
7288388,https://post-ch.3dsec-depay.site/card/1722234468..., on Sep 10th 2021 12:18 PM,Unknown
7288151,https://schwezid.com/ch/, on Sep 10th 2021 6:50 AM,Unknown
7288150,https://godynamicsolutions.com/index3.php, on Sep 10th 2021 6:50 AM,Unknown
7288149,https://www.unlockon.com//modules/blocklayered/translations/-/red/pr/S..., on Sep 10th 2021 6:50 AM,Unknown
7288148,http://u12487372wz.ha004.t.justns.ru/GovCERTch/28eec81cf49aea72c42c92e..., on Sep 10th 2021 6:50 AM,VALID PHISH
7288121,https://www.unlockon.com//modules/blocklayered/translations/-/red/pr/..., on Sep 10th 2021 5:10 AM,Unknown
7288120,https://manual.zaramiembros-flowers.com/wp-admin/swisspost/swisspost/p..., on Sep 10th 2021 5:09 AM,Unknown
7288119,https://dwrat.andalous.org/.well-known/, on Sep 10th 2021 5:09 AM,VALID PHISH
7287702,https://marketingvoice.co.uk/vr/vr-de/zip.html..., on Sep 9th 2021 7:34 PM,Unknown
7287701,https://lollipopbypoly.gr/home, on Sep 9th 2021 7:34 PM,VALID PHISH
7287698,https://dpd-group-management-33.weebly.com/enregistrement-dpd-group.ht..., on Sep 9th 2021 7:33 PM,Unknown
7287697,https://verdachtige-aktiv.webscr-package-measures.com/85c8c17684ce4c5c..., on Sep 9th 2021 7:33 PM,Unknown
7287696,http://webscr-package-measures.com/redir.php, on Sep 9th 2021 7:33 PM,Unknown
7287561,https://accpakaune.duckdns.org/jt383730/foldr/73839/-Digital/index.htm..., on Sep 9th 2021 3:45 PM,VALID PHISH
7287560,http://hemalake.duckdns.org/, on Sep 9th 2021 3:45 PM,VALID PHISH
7287559,https://rich-v03-logon.ch/wp-1/wp-1/, on Sep 9th 2021 3:45 PM,VALID PHISH
7287558,https://miles-and-more24-922362.ingress-bonde.easywp.com/logine/DKP/..., on Sep 9th 2021 3:45 PM,VALID PHISH
7287328,https://informationnen.com/VersandnummerCH7410451..., on Sep 9th 2021 1:07 PM,Unknown
7287241,https://pakettkontrolle.com/prufen/, on Sep 9th 2021 9:38 AM,Unknown
7287239,https://0df203cea1ca80ff164cc5fe0498c544.icu/one/partnerportal/ea9c729..., on Sep 9th 2021 9:35 AM,VALID PHISH
7287238,https://4aeaae4e8f3369177c5a193.from-ky.com/o-n-e/4aeaae4e8f3369177c5a..., on Sep 9th 2021 9:35 AM,Unknown
7287112,http://www.bemardistribuidora.com.ar/wp-content/uploads/update/MailUpd..., on Sep 9th 2021 6:36 AM,VALID PHISH
7284962,http://alhzkaad.wwwnl1-ts6.a2hosted.com/CHHH/[email protected], on Sep 7th 2021 9:16 AM,Unknown
7284928,https://ayccsweepstakes.org/infomaniak/, on Sep 7th 2021 7:41 AM,VALID PHISH
7284863,https://es-hdk.000webhostapp.com/BlueZimbra.html..., on Sep 7th 2021 7:03 AM,VALID PHISH
7284862,https://post.safely-cash.com/buy11955012, on Sep 7th 2021 7:02 AM,Unknown
7284839,http://admin-h0stp0int-ch-d0dbe48d.faceyoga.pt/bEhPeTF2THIxNmMwbWxkOFY..., on Sep 7th 2021 5:37 AM,Unknown
7284824,http://service.post-ch-ekp-web-ui-72a27582.budgetskeelers.nl/bk44b1JJN..., on Sep 7th 2021 4:58 AM,VALID PHISH
7284823,https://gesundheitszentrum-schwerdtfeger.de/FFFFF/dhl/..., on Sep 7th 2021 4:58 AM,Unknown
7284822,https://candied-wonderful-dinghy.glitch.me/pedd9.html#[email protected], on Sep 7th 2021 4:58 AM,Unknown
7284821,https://post.safely-cash.com/buy38885657, on Sep 7th 2021 4:58 AM,Unknown
7284277,http://alhzkaad.wwwnl1-ts6.a2hosted.com/CH, on Sep 6th 2021 5:35 PM,VALID PHISH
7284276,http://ec2-52-56-128-213.eu-west-2.compute.amazonaws.com/tracking.php..., on Sep 6th 2021 5:35 PM,Unknown
7284275,http://tcfislisbach.ch.ens.pt/tcfislisbach.ch, on Sep 6th 2021 5:35 PM,VALID PHISH
7284274,https://ce17913.tmweb.ru/main/1/info.php, on Sep 6th 2021 5:35 PM,Unknown
7284273,http://skbcreations.co.uk/mke/, on Sep 6th 2021 5:35 PM,Unknown
7284272,https://luxury-property.fr/oak-innovation.com, on Sep 6th 2021 5:35 PM,VALID PHISH
7284271,https://luxury-property.fr/siaa-triulzi.ch, on Sep 6th 2021 5:35 PM,VALID PHISH
7284270,https://swisspost-tracking-online.com/PAKET/Seleccione_medio_de_pago.p..., on Sep 6th 2021 5:34 PM,VALID PHISH
7284205,https://tidelibom.com//webalizer/css/email/chpaket/09/2021/warten/send..., on Sep 6th 2021 3:49 PM,VALID PHISH
7284204,https://www.responsaprudentium.com/es/-/, on Sep 6th 2021 3:49 PM,VALID PHISH
7284203,http://admin-h0stp0int-ch-48305287.lavourasaudade.pt/SnNteHpQSjM4NnFjR..., on Sep 6th 2021 3:49 PM,VALID PHISH
7285581,https://esfft-dhl-tracking.com.u1468339.cp.regruhosting.ru/Billing/dhl..., on Sep 7th 2021 7:34 PM,VALID PHISH
7285580,http://ec2-18-170-227-202.eu-west-2.compute.amazonaws.com/..., on Sep 7th 2021 7:34 PM,Unknown
7285579,https://ellatinodigital.com/wp-content/hgt, on Sep 7th 2021 7:34 PM,Unknown
7285578,https://swiss-post.send-parcels.com/TA07662021CH/TA07662021CH/..., on Sep 7th 2021 7:34 PM,Unknown
7285577,https://www.news-peala.online/, on Sep 7th 2021 7:34 PM,VALID PHISH
7285576,https://paypal-caseid369.com, on Sep 7th 2021 7:34 PM,Unknown
7285396,https://swiss-post.send-parcels.com/TA07662021CH/TA07662021CH/Seleccio..., on Sep 7th 2021 3:16 PM,VALID PHISH
7285361,https://gadgetspath.com/wp-content/uploads/2021/09/.../swisspost/page...., on Sep 7th 2021 2:45 PM,VALID PHISH
7285360,https://localizavistoria.com.br/index2.php, on Sep 7th 2021 2:45 PM,Unknown
7285359,https://kollisionsinformationen.com/che/, on Sep 7th 2021 2:45 PM,Unknown
7285358,https://firebasestorage.googleapis.com/v0/b/xn-nerio-reuz-775.appspot...., on Sep 7th 2021 2:45 PM,VALID PHISH
7285357,https://staffpaymentforcovidandearnings.weebly.com..., on Sep 7th 2021 2:45 PM,Unknown
7285356,https://io-webmail-cpanel.web.app/#[email protected], on Sep 7th 2021 2:45 PM,Unknown
7285355,http://alhzkaad.wwwnl1-ts6.a2hosted.com/CHHH/index.php?ci=hansuli_meng..., on Sep 7th 2021 2:45 PM,VALID PHISH
7285354,https://elenismarket.com/new/Office/Office/index.php..., on Sep 7th 2021 2:45 PM,VALID PHISH
7284999,https://postoffice-tracking-online.com/SWISSPOST/a58b4fc43b334f8e157e3..., on Sep 7th 2021 10:00 AM,Unknown
7284966,https://firebasestorage.googleapis.com/v0/b/link-91eea.appspot.com/o/l..., on Sep 7th 2021 9:18 AM,Unknown
7284965,https://cranky-clarke.159-65-13-26.plesk.page/wp-pages/2018CN/2018CN/?..., on Sep 7th 2021 9:16 AM,Unknown
7284964,https://postoffice-tracking-online.com/SWISSPOST/Paket/Seleccione_medi..., on Sep 7th 2021 9:16 AM,Unknown
7284963,https://postoffice-tracking-online.com/SWISSPOST/..., on Sep 7th 2021 9:16 AM,Unknown
7287084,https://www.mennicabydgoska.com/modules/jmsslider/views/img/slides/-/S..., on Sep 9th 2021 5:23 AM,VALID PHISH
7287077,https://www.compasspoultry.com/sa/hostpointed/#[email protected], on Sep 9th 2021 5:08 AM,Unknown
7287076,http://rootswerkt.nl/wp-admin/images/wp/SWISSAPOSTA/POSTSWISRA/PostCan..., on Sep 9th 2021 5:07 AM,VALID PHISH
7287075,https://protection-98ffe37613a3.merseine.com/one/partnerportal/acb684c..., on Sep 9th 2021 5:07 AM,Unknown
7287074,https://583622.selcdn.ru/070065675486879-utrw345678/070065675486879-ut..., on Sep 9th 2021 5:04 AM,VALID PHISH
7286703,https://motivservicemultu.org/iklim/allmotive, on Sep 8th 2021 6:43 PM,VALID PHISH
7286702,https://paypal-caseid856.com/, on Sep 8th 2021 6:43 PM,VALID PHISH
7286701,https://inatural24.com/index2.php, on Sep 8th 2021 6:43 PM,Unknown
7286700,https://paypal-caseid895.com/, on Sep 8th 2021 6:43 PM,VALID PHISH
7286699,https://informationnen.com/VersandnummerCH7410451/..., on Sep 8th 2021 6:43 PM,Unknown
7286698,https://www.nataliavalenzuela.com/index3.php, on Sep 8th 2021 6:43 PM,Unknown
7286697,https://rootswerkt.nl/wp-admin/images/wp/SWISSAPOSTA/POSTSWISRA/PostCa..., on Sep 8th 2021 6:43 PM,VALID PHISH
7286563,https://m.24www24.tk/owa/, on Sep 8th 2021 4:13 PM,VALID PHISH
7286562,https://u124741724e.ha004.t.justns.ru/ch/SWISSPOST2CC/Seleccione_medio..., on Sep 8th 2021 4:13 PM,VALID PHISH
7286561,https://u124741724e.ha004.t.justns.ru/ch/SWISSPOST2CC/..., on Sep 8th 2021 4:13 PM,VALID PHISH
7286559,http://walldesign.com.tr/admin/language/ch/, on Sep 8th 2021 4:08 PM,VALID PHISH
7286558,https://ashleyshaunkemp.com/.../-/paket/warten/dhl/ch/2021/09/sendung/..., on Sep 8th 2021 4:06 PM,VALID PHISH
7286557,https://bannerchampnyc.com/-/, on Sep 8th 2021 4:06 PM,VALID PHISH
7286556,https://black-base.ru/upc/, on Sep 8th 2021 4:05 PM,VALID PHISH
7286555,https://paypal-caseid329.com/, on Sep 8th 2021 4:05 PM,VALID PHISH
7286554,https://dholerainvestments.in/check/00P04/, on Sep 8th 2021 4:05 PM,VALID PHISH
7286553,https://soilmusic.jp/#[email protected], on Sep 8th 2021 4:05 PM,VALID PHISH
7286552,https://tycontechnology.com/[email protected], on Sep 8th 2021 4:05 PM,VALID PHISH
7286551,http://reditahelme.duckdns.org/, on Sep 8th 2021 4:05 PM,VALID PHISH
7286548,https://gravetal.com.bo/images/layout.html, on Sep 8th 2021 4:04 PM,VALID PHISH
7286320,https://prepay-3ds.site/post/ch/info, on Sep 8th 2021 1:00 PM,Unknown
7286257,https://omflex.com/admin/aegen/, on Sep 8th 2021 11:36 AM,VALID PHISH
7286256,https://swiss-refund.serveirc.com/, on Sep 8th 2021 11:36 AM,VALID PHISH
7286252,https://walldesign.com.tr/admin/language/ch/, on Sep 8th 2021 11:31 AM,VALID PHISH
7286178,https://www.futureanalyzer.com/wp-admin/js/widgets/X450T3T4F/com/..., on Sep 8th 2021 10:09 AM,VALID PHISH
7286175,https://ghenciu.ro/.temp/, on Sep 8th 2021 10:01 AM,Unknown
7286174,https://ghenciu.ro/.temp, on Sep 8th 2021 10:01 AM,Unknown
7286135,http://moho.ind.in/[email protected], on Sep 8th 2021 9:02 AM,VALID PHISH
7286131,https://owa2022.wixsite.com/my-site5455, on Sep 8th 2021 8:52 AM,VALID PHISH
7286130,https://www.headsoaps.com/survey/936sfbg29488/source=10-1426/subid=10/..., on Sep 8th 2021 8:52 AM,VALID PHISH
7286124,https://septembermitarbeiter.weebly.com/, on Sep 8th 2021 8:22 AM,VALID PHISH
7286016,https://protection.b166dbd464dcfe2521a41e6e2ad6b8b0.site/one/partnerpo..., on Sep 8th 2021 6:01 AM,Unknown
7286015,http://onef97c5d29941bfb1.homeftp.net/f97c5d29941bfb1b2fdab0874906ab82..., on Sep 8th 2021 6:01 AM,Unknown
7285982,https://paypal-caseid638.com, on Sep 8th 2021 5:04 AM,VALID PHISH
7285621,http://www.news-peala.online/, on Sep 7th 2021 8:50 PM,Unknown
7275058,https://www.10dovestreet.com/resources/fonts/Valencia/www/..., on Aug 27th 2021 9:26 AM,VALID PHISH
7275057,https://posttfincesee.000webhostapp.com/login/..., on Aug 27th 2021 9:24 AM,Unknown
7275034,https://cx91993.tmweb.ru/, on Aug 27th 2021 8:19 AM,Unknown
7275033,https://postfinceese.xyz/login/index.html, on Aug 27th 2021 8:19 AM,VALID PHISH
7275032,http://aguamarina.top/audios/disco11/last/ins/..., on Aug 27th 2021 8:19 AM,VALID PHISH
7275031,https://dedls.weebly.com/, on Aug 27th 2021 8:19 AM,Unknown
7274525,https://kistarvan.tripod.com/index.html, on Aug 26th 2021 7:12 PM,VALID PHISH
7274524,https://psottfincase.000webhostapp.com/login/, on Aug 26th 2021 7:12 PM,VALID PHISH
7274523,https://rphsssgzb.in/-/swisspost/postch.php, on Aug 26th 2021 7:12 PM,VALID PHISH
7274522,https://suissaespost.com/CH/suisspost/, on Aug 26th 2021 7:12 PM,Unknown
7274521,https://ashishtradingindicator.com/chpst.php, on Aug 26th 2021 7:12 PM,VALID PHISH
7274520,https://ix9819x.weebly.com/, on Aug 26th 2021 7:12 PM,VALID PHISH
7274519,https://posttfincessse.000webhostapp.com/login/..., on Aug 26th 2021 7:12 PM,VALID PHISH
7274393,https://affectionate-brown.199-192-18-233.plesk.page/..., on Aug 26th 2021 3:03 PM,Unknown
7274074,https://waynesboronurseries.com/wp-content/languages/plugins/-/viseca/..., on Aug 26th 2021 8:10 AM,Unknown
7274072,http://posstfinces.000webhostapp.com/login/, on Aug 26th 2021 8:10 AM,VALID PHISH
7274071,http://ppostfineance.000webhostapp.com/login/, on Aug 26th 2021 8:10 AM,Unknown
7273987,https://cq85607.tmweb.ru/, on Aug 26th 2021 6:03 AM,Unknown
7273986,https://u1231876xot.ha004.t.justns.ru/, on Aug 26th 2021 6:03 AM,VALID PHISH
7273985,https://stoic-cray.162-0-224-54.plesk.page/, on Aug 26th 2021 6:03 AM,VALID PHISH
7273984,https://identity-spcweb-ch.com/Account/de/*/08/..., on Aug 26th 2021 6:03 AM,Unknown
7273648,https://555030.selcdn.ru/00-Balancer/bullionusdt32.html#[email protected], on Aug 25th 2021 7:16 PM,VALID PHISH
7273647,https://printedantisliptape.info/mcards/index.php..., on Aug 25th 2021 7:16 PM,Unknown
7273646,https://fluidflowinfo.com/portal/, on Aug 25th 2021 7:16 PM,VALID PHISH
7273645,https://videosoundinc.com/videosoundinc/track-DE/..., on Aug 25th 2021 7:16 PM,VALID PHISH
7273628,https://one-visecanewcard.xyz/one/, on Aug 25th 2021 6:49 PM,Unknown
7273605,https://postfimcces.000webhostapp.com/login/, on Aug 25th 2021 6:02 PM,Unknown
7273525,http://ec2-18-135-28-169.eu-west-2.compute.amazonaws.com/..., on Aug 25th 2021 3:57 PM,Unknown
7273522,http://dpm.usbypkp.ac.id/images/data, on Aug 25th 2021 3:57 PM,Unknown
7273521,https://posstfinces.000webhostapp.com/login/, on Aug 25th 2021 3:57 PM,VALID PHISH
7273520,https://thebigtrove.com/wp-includes/rtr/fifi/f1/..., on Aug 25th 2021 3:57 PM,Unknown
7273519,https://cegefos.fr/oneservice/, on Aug 25th 2021 3:56 PM,Unknown
7273518,https://dentrepairchandleraz.com/w, on Aug 25th 2021 3:56 PM,Unknown
7273515,https://lepetittrainbleu.fr/dhh/DHLWEB/DHLWEB/..., on Aug 25th 2021 3:56 PM,Unknown
7273514,https://post-ch-de.easy-payment.icu/order/CH116876988..., on Aug 25th 2021 3:56 PM,Unknown
7273513,https://xn--mx-2na.email-ssl-sicherheit.de, on Aug 25th 2021 3:56 PM,VALID PHISH
7273177,https://deutsche-post.tincohermanos.com/Plugins/Redsys.html..., on Aug 25th 2021 9:16 AM,VALID PHISH
7273175,https://outlook2022.wixsite.com/outlook2022, on Aug 25th 2021 9:12 AM,Unknown
7273140,https://oauthbuk6057.s3.ams03.cloud-object-storage.appdomain.cloud/car..., on Aug 25th 2021 8:03 AM,Unknown
7273134,https://u1230426xb4.ha004.t.justns.ru/, on Aug 25th 2021 7:51 AM,Unknown
